OUTPUT,MAE,MAPE,MSE,RMSE,RMSPE,R2
CHF,110.71233,7.00885,27639.97656,166.25275,9.26689,0.98442
